../assets/minecraft/models/2d/gun/old_laser.json,2d/gun_tex/old_laser
../assets/minecraft/models/2d/slot/devil/slot_bell_devil.json,2d/slot_tex/devil_tex/slot_bell_devil
../assets/minecraft/models/2d/slot/devil/slot_cherry_devil.json,2d/slot_tex/devil_tex/slot_cherry_devil
../assets/minecraft/models/2d/slot/devil/slot_replay_devil.json,2d/slot_tex/devil_tex/slot_replay_devil
../assets/minecraft/models/2d/slot/devil/slot_seven_bule_devil.json,2d/slot_tex/devil_tex/slot_seven_bule_devil
../assets/minecraft/models/2d/slot/devil/slot_seven_red_devil.json,2d/slot_tex/devil_tex/slot_seven_red_devil
../assets/minecraft/models/2d/slot/devil/slot_seven_yellow_devil.json,2d/slot_tex/devil_tex/slot_seven_yellow_devil
../assets/minecraft/models/2d/slot/devil/slot_water_melon_devil.json,2d/slot_tex/devil_tex/slot_water_melon_devil
../assets/minecraft/models/2d/slot/eva/eva_bell.json,2d/slot_tex/eva_tex/eva_bell
../assets/minecraft/models/2d/slot/eva/eva_blue7.json,2d/slot_tex/eva_tex/eva_blue7
../assets/minecraft/models/2d/slot/eva/eva_cherry.json,2d/slot_tex/eva_tex/eva_cherry
../assets/minecraft/models/2d/slot/eva/eva_eva.json,2d/slot_tex/eva_tex/eva_eva
../assets/minecraft/models/2d/slot/eva/eva_replay.json,2d/slot_tex/eva_tex/eva_replay
../assets/minecraft/models/2d/slot/eva/eva_suica.json,2d/slot_tex/eva_tex/eva_suica
../assets/minecraft/models/2d/slot/eva/eva_white7.json,2d/slot_tex/eva_tex/eva_white7
../assets/minecraft/models/2d/slot/god/slot_god_god.json,2d/slot_tex/god_tex/slot_god_god
../assets/minecraft/models/2d/slot/god/slot_hades_god.json,2d/slot_tex/god_tex/slot_hades_god
../assets/minecraft/models/2d/slot/god/slot_purple_seven_god.json,2d/slot_tex/god_tex/slot_purple_seven_god
../assets/minecraft/models/2d/slot/hanabi/slot_hanabi_bell.json,2d/slot_tex/hanabi_tex/hanabi_bell
../assets/minecraft/models/2d/slot/hanabi/slot_hanabi_donchan.json,2d/slot_tex/hanabi_tex/hanabi_donchan
../assets/minecraft/models/2d/slot/hanabi/slot_hanabi_koori.json,2d/slot_tex/hanabi_tex/hanabikoori
../assets/minecraft/models/2d/slot/hanabi/slot_hanabi_seven.json,2d/slot_tex/hanabi_tex/hanabi_seven
../assets/minecraft/models/2d/slot/hanabi/slot_hanabi_uchiwa.json,2d/slot_tex/hanabi_tex/hanabi_uchiwa
../assets/minecraft/models/2d/slot/hihouden/anubis_1.json,2d/slot_tex/hihouden_tex/anubis_1
../assets/minecraft/models/2d/slot/hihouden/anubis_2.json,2d/slot_tex/hihouden_tex/anubis_2
../assets/minecraft/models/2d/slot/hihouden/anubis_3.json,2d/slot_tex/hihouden_tex/anubis_3
../assets/minecraft/models/2d/slot/hihouden/anubis_4.json,2d/slot_tex/hihouden_tex/anubis_4
../assets/minecraft/models/2d/slot/hihouden/anubis_5.json,2d/slot_tex/hihouden_tex/anubis_5
../assets/minecraft/models/2d/slot/hihouden/anubis_6.json,2d/slot_tex/hihouden_tex/anubis_6
../assets/minecraft/models/2d/slot/hihouden/anubis_7.json,2d/slot_tex/hihouden_tex/anubis_7
../assets/minecraft/models/2d/slot/hunter/1.json,2d/slot_tex/hunter_tex/1
../assets/minecraft/models/2d/slot/hunter/2.json,2d/slot_tex/hunter_tex/2
../assets/minecraft/models/2d/slot/hunter/3.json,2d/slot_tex/hunter_tex/3
../assets/minecraft/models/2d/slot/hunter/4.json,2d/slot_tex/hunter_tex/4
../assets/minecraft/models/2d/slot/hunter/5.json,2d/slot_tex/hunter_tex/5
../assets/minecraft/models/2d/slot/hunter/6.json,2d/slot_tex/hunter_tex/6
../assets/minecraft/models/2d/slot/hunter/7.json,2d/slot_tex/hunter_tex/7
../assets/minecraft/models/2d/slot/hunter/8.json,2d/slot_tex/hunter_tex/8
../assets/minecraft/models/2d/slot/madomagi/slot_bell_madomagi.json,2d/slot_tex/madomagi_tex/slot_bell_madomagi
../assets/minecraft/models/2d/slot/madomagi/slot_black_madomagi.json,2d/slot_tex/madomagi_tex/slot_black_madomagi
../assets/minecraft/models/2d/slot/madomagi/slot_cherry_madomagi.json,2d/slot_tex/madomagi_tex/slot_cherry_madomagi
../assets/minecraft/models/2d/slot/madomagi/slot_pink_seven_madomagi.json,2d/slot_tex/madomagi_tex/slot_pink_seven_madomagi
../assets/minecraft/models/2d/slot/madomagi/slot_pin_madomagi.json,2d/slot_tex/madomagi_tex/slot_pin_madomagi
../assets/minecraft/models/2d/slot/madomagi/slot_pippimagika_madomagi.json,2d/slot_tex/madomagi_tex/slot_pippimagika_madomagi
../assets/minecraft/models/2d/slot/madomagi/slot_red_seven_madomagi.json,2d/slot_tex/madomagi_tex/slot_red_seven_madomagi
../assets/minecraft/models/2d/slot/madomagi/slot_replay_madomagi.json,2d/slot_tex/madomagi_tex/slot_replay_madomagi
../assets/minecraft/models/2d/slot/madomagi/slot_watermelon_madomagi.json,2d/slot_tex/madomagi_tex/slot_watermelon_madomagi
../assets/minecraft/models/2d/slot/normal/slot_bell.json,2d/slot_tex/normal_tex/slot_bell
../assets/minecraft/models/2d/slot/normal/slot_cherry.json,2d/slot_tex/normal_tex/slot_cherry
../assets/minecraft/models/2d/slot/normal/slot_replay.json,2d/slot_tex/normal_tex/slot_replay
../assets/minecraft/models/2d/slot/normal/slot_seven_blue.json,2d/slot_tex/normal_tex/slot_seven_blue
../assets/minecraft/models/2d/slot/normal/slot_seven_red.json,2d/slot_tex/normal_tex/slot_seven_red
../assets/minecraft/models/2d/slot/normal/slot_seven_yellow.json,2d/slot_tex/normal_tex/slot_seven_yellow
../assets/minecraft/models/2d/slot/normal/slot_water_melon.json,2d/slot_tex/normal_tex/slot_water_melon
../assets/minecraft/models/2d/slot/rezero/slot_blue7.json,2d/slot_tex/rezero_tex/blue7
../assets/minecraft/models/2d/slot/rezero/slot_white7.json,2d/slot_tex/rezero_tex/white7
../assets/minecraft/models/2d/stone/black_diamond.json,2d/stone_tex/black_diamond
../assets/minecraft/models/2d/stone/fire_board_rune.json,2d/stone_tex/fire_board_rune
../assets/minecraft/models/2d/stone/fire_crystal.json,2d/stone_tex/fire_crystal
../assets/minecraft/models/2d/stone/fire_superior_crystal.json,2d/stone_tex/fire_superior_crystal
../assets/minecraft/models/2d/stone/normal_crystal.json,2d/stone_tex/normal_crystal
../assets/minecraft/models/2d/stone/rock_board_rune.json,2d/stone_tex/rock_board_rune
../assets/minecraft/models/2d/stone/rock_crystal.json,2d/stone_tex/rock_crystal
../assets/minecraft/models/2d/stone/rock_superior_crystal.json,2d/stone_tex/rock_superior_crystal
../assets/minecraft/models/2d/stone/super_diamond.json,2d/stone_tex/super_diamond
../assets/minecraft/models/2d/stone/water_board_rune.json,2d/stone_tex/water_board_rune
../assets/minecraft/models/2d/stone/water_crystal.json,2d/stone_tex/water_crystal
../assets/minecraft/models/2d/stone/water_superior_crystal.json,2d/stone_tex/water_superior_crystal
../assets/minecraft/models/2d/stone/wind_board_rune.json,2d/stone_tex/wind_board_rune
../assets/minecraft/models/2d/stone/wind_crystal.json,2d/stone_tex/wind_crystal
../assets/minecraft/models/2d/stone/wind_superior_crystal.json,2d/stone_tex/wind_superior_crystal
../assets/minecraft/models/3d/america_shield.json,block/lime_concrete,block/white_concrete,block/pink_concrete,block/blue_concrete,block/red_concrete,block/light_gray_concrete,block/brown_concrete,block/white_concrete
../assets/minecraft/models/3d/america_shield_block.json,block/lime_concrete,block/white_concrete,block/pink_concrete,block/blue_concrete,block/red_concrete,block/light_gray_concrete,block/brown_concrete,block/white_concrete
../assets/minecraft/models/3d/apple_candy.json,3d/apple_candy/stick_skin,3d/apple_candy/apple_skin,3d/apple_candy/stick_skin
../assets/minecraft/models/3d/atm.json,custom/romi_1717/roo,block/light_gray_concrete,block/anvil,block/white_concrete,custom/romi_1717/u,custom/romi_1717/roo
../assets/minecraft/models/3d/beer_can.json,custom/mametaku/masahi,custom/mametaku/pulltab,custom/mametaku/masahi
../assets/minecraft/models/3d/black_card.json,custom/niiku1014/blackcard,custom/niiku1014/silver,custom/niiku1014/blackcard
../assets/minecraft/models/3d/blaze_blizzard_knuckle.json,block/diamond_block,block/chiseled_quartz_block_top,block/black_shulker_box,custom/sei2031/snow,custom/sei2031/flozed_blaze,custom/sei2031/flozed_blaze_rod,block/diamond_block
../assets/minecraft/models/3d/blaze_magma_knuckle.json,block/orange_shulker_box,block/gold_block,block/black_shulker_box,entity/blaze,custom/sei2031/blaze_rod,block/orange_shulker_box
../assets/minecraft/models/3d/bug_catcher.json,block/beehive_end,block/white_concrete,custom/yousuke_craft/net,block/beehive_end
../assets/minecraft/models/3d/burningicesword.json,custom/uekibachi/blackice,custom/uekibachi/fireeffect,custom/uekibachi/blackice
../assets/minecraft/models/3d/capsule_toy.json,block/quartz_block_side,block/light_blue_concrete_powder,block/blue_concrete,block/glass,block/black_concrete_powder,block/orange_concrete_powder,block/cyan_concrete_powder,block/yellow_concrete_powder,block/purple_concrete_powder,block/green_concrete_powder,block/magenta_concrete_powder,block/red_concrete_powder,block/blue_concrete_powder,block/light_gray_concrete_powder,block/quartz_block_side
../assets/minecraft/models/3d/chocolate_gun.json,food/chocolate_2,food/chocolate_1,Pictures/chocolate_2
../assets/minecraft/models/3d/coconut_juice.json,block/stripped_dark_oak_log,block/white_concrete,custom/mametaku/whitewater,block/blue_concrete,block/stripped_dark_oak_log
../assets/minecraft/models/3d/cone.json,3d/sori,3d/mtunes_2,3d/sori
../assets/minecraft/models/3d/crow.json,block/iron_block,block/gray_shulker_box
../assets/minecraft/models/3d/dango_and_manju.json,block/pink_concrete_powder,block/lime_concrete_powder,block/gray_concrete,block/oak_top_log,block/pink_concrete_powder
../assets/minecraft/models/3d/darkhammer.json,custom/uekibachi/foldingknife2,custom/uekibachi/foldingknife1,custom/uekibachi/asteroid,custom/uekibachi/foldingknife2
../assets/minecraft/models/3d/dice.json,block/white_concrete_powder,block/black_concrete_powder,block/red_concrete_powder,block/white_concrete_powder
../assets/minecraft/models/3d/dinosaur.json,custom/uekibachi/kyouryu3,custom/uekibachi/kyouryu1,custom/uekibachi/kyouryu4,custom/uekibachi/hasirukyoryu1,custom/uekibachi/kyouryu2
../assets/minecraft/models/3d/dynastes_hercules.json,custom/mametaku/beetle,custom/mametaku/beetle
../assets/minecraft/models/3d/eagle.json,custom/sedona/eagle2,custom/sedona/eagle
../assets/minecraft/models/3d/electric_bulletin_board.json,custom/ruppy_naka/black,custom/ruppy_naka/electric_bulletin_board_1,custom/ruppy_naka/electric_bulletin_board_2,custom/ruppy_naka/black
../assets/minecraft/models/3d/flaser.json,block/beacon,custom/yuuki/flaser_anime,block/black_wool,block/white_wool,block/beacon
../assets/minecraft/models/3d/flodingknife_1.json,3d/items/foldingknife2,3d/items/foldingknife1,3d/items/foldingknife2
../assets/minecraft/models/3d/flodingknife_2.json,custom/uekibachi/foldingknife2,custom/uekibachi/foldingknife1,custom/uekibachi/foldingknife2
../assets/minecraft/models/3d/frankfurt.json,custom/romi/so,custom/romi/piston_top_normal,custom/romi/concrete_red,custom/romi/concrete_yellow
../assets/minecraft/models/3d/frostspell.json,custom/uekibachi/icespellpage,custom/uekibachi/icespellpage2,custom/uekibachi/frostspell1,custom/uekibachi/icespellpage
../assets/minecraft/models/3d/gameingflodingknife_1.json,custom/uekibachi/foldingknife2,custom/uekibachi/gameingman10,custom/uekibachi/foldingknife2
../assets/minecraft/models/3d/gameingflodingknife_2.json,custom/uekibachi/foldingknife2,custom/uekibachi/gameingman10,custom/uekibachi/foldingknife2
../assets/minecraft/models/3d/gasmask.json,custom/muffine/gasmask,custom/muffine/gasmask
../assets/minecraft/models/3d/graphiumsarpedon.json,custom/uekibachi/aojisu1,custom/uekibachi/aojisu2,custom/uekibachi/aojisu1
../assets/minecraft/models/3d/grilled_meat_set.json,custom/niiku1014/silver,custom/niiku1014/fire2,custom/niiku1014/silver2,custom/niiku1014/mh_bbq,custom/niiku1014/silver
../assets/minecraft/models/3d/hadouhou.json,3d/hadouhou/man10,3d/hadouhou/black,3d/hadouhou/greay,3d/hadouhou/white,3d/hadouhou/ao,3d/hadouhou/pink,3d/thadouhou/man10
../assets/minecraft/models/3d/halloween_witch_hat.json,custom/other/hat/hh-1,custom/other/hat/hh-2,custom/other/hat/hh-3,custom/other/hat/hh-4,custom/other/hat/hh-5,custom/other/hat/hh-1
../assets/minecraft/models/3d/hero_belt.json,3d/belt1,3d/red,3d/belt2,3d/belt1
../assets/minecraft/models/3d/iceflodingknife_1.json,custom/uekibachi/blackice2,custom/uekibachi/blackice,custom/uekibachi/blackice2
../assets/minecraft/models/3d/iceflodingknife_2.json,custom/uekibachi/blackice2,custom/uekibachi/blackice,custom/uekibachi/blackice2
../assets/minecraft/models/3d/icesword.json,custom/uekibachi/blackice2,custom/uekibachi/blackice,uekibachi/blackice2
../assets/minecraft/models/3d/icetrident.json,custom/uekibachi/blackice,custom/uekibachi/blackice
../assets/minecraft/models/3d/iron_horse_armor.json,custom/mametaku/mahouzin3,custom/mametaku/blue,custom/mametaku/mahouzin3
../assets/minecraft/models/3d/katana.json,nihontou/nihontou,nihontou/nihontou2,nihontou/gold,nihontou/nihontou
../assets/minecraft/models/3d/laser.json,custom/laser_anime,block/cauldron_inner,block/redstone_block,block/black_wool,custom/laser_anime
../assets/minecraft/models/3d/madbull.json,custom/mametaku/pulltab,custom/mametaku/madbull,custom/mametaku/madbullback,custom/mametaku/pulltab
../assets/minecraft/models/3d/magicpot.json,custom/niiku1014/grasspot,custom/niiku1014/potjuice,custom/niiku1014/grasspot
../assets/minecraft/models/3d/magic_square.json,custom/mametaku/mahouzin3,custom/mametaku/blue,custom/mametaku/mahouzin3
../assets/minecraft/models/3d/magoblock.json,3d/tabaco/yellow_concrete,3d/tabaco/yellow_concrete
../assets/minecraft/models/3d/mahouzin.json,custom/mametaku/mahouzin3,custom/mametaku/blue,custom/mametaku/mahouzin3
../assets/minecraft/models/3d/man10.json,block/pink_wool,block/lime_wool,block/white_wool,3d/stick
../assets/minecraft/models/3d/mandroid.json,3d/mandroid/droid_phone1,3d/mandroid/droid_phone2,3d/mandroid/droid_phone3,3d/mandroid/droid_phone1
../assets/minecraft/models/3d/mangecard.json,custom/niiku1014/man10minigameticket,custom/niiku1014/silver,custom/niiku1014/man10minigameticket
../assets/minecraft/models/3d/maquarias.json,custom/mametaku/backscreen,custom/mametaku/pulltab,custom/mametaku/logo,custom/mametaku/backscreen
../assets/minecraft/models/3d/maquarius.json,3d/aqueri,3d/aque,custom/mametaku/logo,3d/aqueri
../assets/minecraft/models/3d/minidragon.json,custom/uekibachi/dragonueki2,custom/uekibachi/dragonueki1,custom/uekibachi/dragonueki3,custom/uekibachi/dragonueki2
../assets/minecraft/models/3d/mocarisweat.json,custom/mametaku/backscreen2,custom/mametaku/pulltab,custom/mametaku/logo2,custom/mametaku/backscreen2
../assets/minecraft/models/3d/monster.json,custom/mametaku/pulltab_monster,custom/mametaku/monster,custom/mametaku/pulltab_monster
../assets/minecraft/models/3d/nabe_black.json,block/iron_block,block/cauldron_inner,block/oak_planks,block/iron_block
../assets/minecraft/models/3d/nabe_hutanasi.json,block/iron_block,block/cauldron_inner,block/oak_planks,block/iron_block
../assets/minecraft/models/3d/niku.json,block/white_concrete,3d/niku,3d/niku_2,block/white_concrete
../assets/minecraft/models/3d/panda.json,block/coal_block,block/quartz_block_top,Pictures/pannda_kuti,Pictures/panda2,block/hay_block_side,block/grass_path_top,block/coal_block
../assets/minecraft/models/3d/paperbag.json,custom/niiku1014/black,custom/niiku1014/beige2,custom/niiku1014/black
../assets/minecraft/models/3d/paper_sliding_door.json,custom/yuuki/syouzi,custom/yuuki/syouzi
../assets/minecraft/models/3d/pc.json,blocks/planks_oak,blocks/beacon,blocks/concrete_black,blocks/concrete_white,blocks/glass_light_blue,blocks/obsidian,blocks/piston_inner,blocks/wool_colored_pink,blocks/wool_colored_lime,blocks/wool_colored_white,blocks/beacon
../assets/minecraft/models/3d/pepper.json,custom/uekibachi/pepperkarada,custom/uekibachi/herakuresu2,custom/uekibachi/pepereye,custom/uekibachi/pepperkarada
../assets/minecraft/models/3d/persimmon.json,block/orange_concrete,block/anvil,block/green_concrete_powder,block/orange_concrete
../assets/minecraft/models/3d/pocketwatch.json,block/gold_block,block/iron_block,block/black_concrete,custom/niiku1014/pocketwatch
../assets/minecraft/models/3d/rail_gun.json,block/hopper_inside,block/white_wool,block/black_stained_glass,block/red_wool,block/red_stained_glass,block/iron_block,block/hopper_inside
../assets/minecraft/models/3d/roulette.json,custom/niiku1014/roulette,custom/niiku1014/gray8,custom/niiku1014/green2,custom/niiku1014/16gold,custom/niiku1014/roulette
../assets/minecraft/models/3d/setubunn_masu.json,custom/mametaku/color,custom/mametaku/soybean,custom/mametaku/huku,custom/mametaku/color
../assets/minecraft/models/3d/shark.json,custom/sedona/shark
../assets/minecraft/models/3d/skate_board.json,block/door_iron_lower,block/glazed_terracotta_silver,block/grass_top
../assets/minecraft/models/3d/slaser.json,block/beacon,custom/slaser_anime,block/black_wool,block/beacon
../assets/minecraft/models/3d/tapioca_milktea.json,custom/niiku1014/vinyl,custom/niiku1014/beige3,custom/niiku1014/gray8,custom/niiku1014/tapioca,custom/niiku1014/vinyl
../assets/minecraft/models/3d/tennis_net.json,blocks/beacon,blocks/wool_colored_blue,blocks/wool_colored_white
../assets/minecraft/models/3d/tissue_box.json,custom/yuuki/tissue_box,block/lime_wool,block/pink_wool,block/white_wool
../assets/minecraft/models/3d/tomcola.json,custom/mametaku/gray,custom/mametaku/cola,custom/mametaku/pulltab,custom/mametaku/gray
../assets/minecraft/models/3d/tomcola_0.json,custom/mametaku/gray,custom/mametaku/tomcola_0,custom/mametaku/pulltab,custom/mametaku/gray
../assets/minecraft/models/3d/winegrass.json,custom/niiku1014/grasswine,custom/niiku1014/winejuice,custom/niiku1014/grasswine
../assets/minecraft/models/3d/zeus_cane.json,block/gold_block,block/jack_o_lantern,block/gold_block
../assets/minecraft/models/3d/hat/agokannoke.json,custom/longlongago/dark_oak_log,custom/longlongago/gold_block,custom/longlongago/dark_oak_log
../assets/minecraft/models/3d/hat/backpack.json,block/stone,custom/rx_78destiny/amiami,custom/rx_78destiny/backpack,custom/rx_78destiny/backpack_top,custom/rx_78destiny/bin,custom/rx_78destiny/backpack
../assets/minecraft/models/3d/hat/chochin.json,custom/longlongago/black_wool,custom/longlongago/white_wool,custom/longlongago/a,custom/longlongago/black_wool
../assets/minecraft/models/3d/hat/cutebear_mask.json,entity/bear/polarbear,block/pink_concrete,block/white_concrete,entity/bear/polarbear
../assets/minecraft/models/3d/hat/dandy.json,custom/longlongago/hay_block_side,custom/longlongago/a,custom/longlongago/hay_block_side
../assets/minecraft/models/3d/hat/helmet_miner.json,custom/sedona/miner_helmet
../assets/minecraft/models/3d/hat/kumanju.json,custom/coppe_le/kumanju
../assets/minecraft/models/3d/hat/kumanju_big.json,custom/coppe_le/kumanju,custom/coppe_le/kumanju_big
../assets/minecraft/models/3d/hat/mask_fox.json,entity/fox/fox,entity/fox/fox
../assets/minecraft/models/3d/hat/mask_fox_sleep.json,entity/fox/fox_sleep,entity/fox/fox_sleep
../assets/minecraft/models/3d/hat/mask_snow_fox.json,entity/fox/snow_fox,entity/fox/snow_fox
../assets/minecraft/models/3d/hat/mask_snow_fox_sleep.json,entity/fox/snow_fox_sleep,entity/fox/snow_fox_sleep
../assets/minecraft/models/3d/hat/minidevil_set.json,block/coal_block,block/coal_block
../assets/minecraft/models/3d/hat/miniengel_set.json,block/white_wool,block/gold_block,block/white_wool
../assets/minecraft/models/3d/hat/original_character.json,block/red_concrete_powder,block/anvil,block/orange_concrete_powder,block/red_concrete_powder
../assets/minecraft/models/3d/hat/parrot_head.json,entity/parrot/parrot_red_blue,entity/parrot/parrot_red_blue
../assets/minecraft/models/3d/hat/parrot_head_two.json,entity/parrot/parrot_red_blue,entity/parrot/parrot_red_blue
../assets/minecraft/models/3d/hat/pienn_emoji.json,block/dirt,block/yellow_concrete,block/black_concrete_powder,block/white_concrete,block/yellow_concrete
../assets/minecraft/models/3d/hat/pipe_gold.json,custom/halo_meant/gold_dark,custom/halo_meant/dark_oak_log,custom/halo_meant/dark_oak_log
../assets/minecraft/models/3d/hat/stinged_axe.json,block/white_concrete,block/spruce_door_top
../assets/minecraft/models/3d/hat/sunflower_accessory.json,custom/niiku1014/yellow,custom/niiku1014/yellow3,block/gold_block,custom/niiku1014/brown2,custom/niiku1014/brown6,custom/niiku1014/yellow
../assets/minecraft/models/3d/hat/teemo_helmet.json,entity/fox/fox,block/green_concrete,block/redstone_block,block/brown_terracotta,block/blue_stained_glass,entity/parrot/parrot_blue,entity/fox/fox
../assets/minecraft/models/3d/hat/thomasv2.json,custom/uekibachi/tomaspic1,custom/uekibachi/tomaspic3,custom/uekibachi/tomaspic5,custom/uekibachi/tomaspic4,custom/uekibachi/tomaspic2,custom/uekibachi/tomaspic6,custom/uekibachi/tomaspic1
../assets/minecraft/models/3d/hat/zeri_on_head.json,block/cyan_stained_glass,block/yellow_concrete,block/pink_terracotta,block/cyan_stained_glass
../assets/minecraft/models/3d/interior/andon.json,block/acacia_planks,block/sandstone_top,block/acacia_planks
../assets/minecraft/models/3d/interior/antheque_piano.json,custom/sedona/old_piano,custom/sedona/old_pianoo
../assets/minecraft/models/3d/interior/antique_clock.json,custom/sedona/clock,custom/sedona/clocka,custom/sedona/clockb,custom/sedona/clockc,sedona/clock
../assets/minecraft/models/3d/interior/cafe_billboard.json,custom/sei2031/coffee_cafe,block/poppy,block/bricks,block/orange_tulip,block/acacia_planks,custom/sei2031/coffee_cafe
../assets/minecraft/models/3d/interior/cat_tower.json,custom/himatara/white2,custom/himatara/white,custom/himatara/white
../assets/minecraft/models/3d/interior/drawer.json,custom/sedona/drawer
../assets/minecraft/models/3d/interior/fan.json,custom/coppe_le/fan_body,custom/coppe_le/fan,custom/coppe_le/fan_revase,fan/fan
../assets/minecraft/models/3d/interior/furnace_machine.json,custom/sedona/furnace_machine,custom/sedona/furnace_machine
../assets/minecraft/models/3d/interior/globe.json,custom/sedona/globe
../assets/minecraft/models/3d/interior/gold_shark.json,block/white_concrete,block/black_concrete,custom/yousuke_craft/gold_shark_mouth,block/gold_block,block/brown_shulker_box,block/gold_block
../assets/minecraft/models/3d/interior/gramophone.json,custom/sedona/gramophone1,custom/sedona/gramophone2,custom/sedona/gramophone3
../assets/minecraft/models/3d/interior/japanese_cushion.json,custom/sei2031/zabuton,custom/sei2031/zabuton
../assets/minecraft/models/3d/interior/japanese_umbrella.json,custom/niiku1014/wine_red,custom/niiku1014/gray6,custom/niiku1014/black,custom/niiku1014/wine_red
../assets/minecraft/models/3d/interior/modern_light.json,custom/niiku1014/yellow5,custom/niiku1014/gray7,custom/niiku1014/yellow5
../assets/minecraft/models/3d/interior/planter_shelf.json,block/white_concrete,block/light_gray_concrete,block/gray_concrete,block/jungle_sapling
../assets/minecraft/models/3d/interior/playing_cards.json,custom/coppe_le/playing_cards_back,custom/coppe_le/playing_cards_2,custom/coppe_le/playing_cards_1,custom/coppe_le/playing_cards_9,custom/coppe_le/playing_cards_6,custom/coppe_le/playing_cards_3,custom/coppe_le/playing_cards_back
../assets/minecraft/models/3d/interior/post_fantasy.json,custom/coppe_le/post_fantasy,block/smooth_stone,block/smooth_stone_slab_side,custom/coppe_le/post_mail_fantasy,block/chiseled_stone_bricks,block/stone_bricks,coppe_le/post
../assets/minecraft/models/3d/interior/press_machine.json,custom/sedona/puress,custom/sedona/puress
../assets/minecraft/models/3d/interior/shaved_ice_machine.json,custom/sei2031/dan5,custom/sei2031/kakigoori,block/blue_concrete,custom/sei2031/silver,custom/sei2031/motite,custom/sei2031/ice_2,block/diamond_block,custom/sei2031/ice,custom/sei2031/ice_3,custom/sei2031/motite_2,custom/sei2031/motite_3,custom/sei2031/snow,block/glass,block/snow,block/blue_concrete
../assets/minecraft/models/3d/interior/stuffed_head.json,custom/sedona/stuffed_head
../assets/minecraft/models/3d/interior/tableranpu.json,block/birch_door_bottom,block/bone_block_side,block/cauldron_inner,block/birch_door_bottom
../assets/minecraft/models/3d/interior/trump_tower.json,block/cyan_stained_glass,block/cyan_terracotta,block/gray_stained_glass,block/dark_oak_log,block/polished_diorite,block/black_stained_glass,block/beehive_end,block/black_terracotta,block/black_concrete_powder,block/cyan_stained_glass
../assets/minecraft/models/block/chouchin.json,custom/niiku1014/chouchin,custom/niiku1014/chouchin2,custom/niiku1014/black
../assets/minecraft/models/block/cobweb.json,block/cobweb
../assets/minecraft/models/block/item_frame.json,block/gray_concrete_powder,block/cauldron_inner
../assets/minecraft/models/block/smoker.json,block/smoker_bottom,block/smoker_top,block/smoker_front,block/smoker_side
../assets/minecraft/models/block/sakura/acacia_leaves.json,block/acacia_leaves,block/acacia_leaves
../assets/minecraft/models/block/sakura/birch_leaves.json,block/birch_leaves,block/birch_leaves
../assets/minecraft/models/block/sakura/dark_oak_leaves.json,block/big_oak_leaves,block/big_oak_leaves
../assets/minecraft/models/block/sakura/jungle_leaves.json,block/jungle_leaves,block/jungle_leaves
../assets/minecraft/models/block/sakura/leaves.json,#all
../assets/minecraft/models/block/sakura/lily_pad.json,block/lily_pad,block/lily_pad
../assets/minecraft/models/block/sakura/oak_leaves.json,block/oak_leaves,block/oak_leaves
../assets/minecraft/models/block/sakura/spruce_leaves.json,block/spruce_leaves,block/spruce_leaves
../assets/minecraft/models/block/sakura/vine_1.json,blocks/vine,blocks/vine
../assets/minecraft/models/block/sakura/vine_1u.json,blocks/vine,blocks/vine
../assets/minecraft/models/block/sakura/vine_2.json,blocks/vine,blocks/vine
../assets/minecraft/models/block/sakura/vine_2u.json,blocks/vine,blocks/vine
../assets/minecraft/models/block/sakura/vine_2u_opposite.json,blocks/vine,blocks/vine
../assets/minecraft/models/block/sakura/vine_2_opposite.json,blocks/vine,blocks/vine
../assets/minecraft/models/block/sakura/vine_3.json,blocks/vine,blocks/vine
../assets/minecraft/models/block/sakura/vine_3u.json,blocks/vine,blocks/vine
../assets/minecraft/models/block/sakura/vine_4.json,blocks/vine,blocks/vine
../assets/minecraft/models/block/sakura/vine_4u.json,blocks/vine,blocks/vine
../assets/minecraft/models/block/sakura/vine_u.json,blocks/vine,blocks/vine
../assets/minecraft/models/drug/blue_medic_capsule.json,custom/niiku1014/white,custom/niiku1014/blue,custom/niiku1014/white
../assets/minecraft/models/drug/green_powder_medic.json,custom/niiku1014/green_powder,custom/niiku1014/vinyl,custom/niiku1014/green_powder
../assets/minecraft/models/drug/orange_powder_medic.json,custom/niiku1014/orange_powder,custom/niiku1014/vinyl,custom/niiku1014/orange_powder
../assets/minecraft/models/drug/ptp_red.json,block/bedrock,block/red_stained_glass,block/orange_stained_glass,block/white_wool,block/bedrock
../assets/minecraft/models/drug/ptp_white.json,block/bedrock,block/white_stained_glass,block/light_gray_stained_glass,block/white_wool,block/bedrock
../assets/minecraft/models/drug/red_medic_capsule.json,custom/niiku1014/white,custom/niiku1014/wine_red,custom/niiku1014/white
../assets/minecraft/models/drug/white_powder_medic.json,custom/niiku1014/white_powder,custom/niiku1014/vinyl,custom/niiku1014/white_powder
../assets/minecraft/models/drug/yellow_medic_capsule.json,custom/niiku1014/white,custom/niiku1014/yellow,custom/niiku1014/white
../assets/minecraft/models/drug/strange/rainbow.json,custom/mametaku/rainbow2,custom/mametaku/logo2,custom/mametaku/rainbow2
../assets/minecraft/models/drug/strange/strange.json,custom/mametaku/logo2,custom/mametaku/strange,custom/mametaku/logo2
../assets/minecraft/models/drug/strange/strange_eyes_lvone.json,custom/mametaku/logo2,custom/mametaku/eye,custom/mametaku/eye
../assets/minecraft/models/drug/strange/strange_eyes_lvtwo.json,custom/mametaku/logo2,custom/mametaku/eye
../assets/minecraft/models/fish/crocodile.json,fish/crocodile
../assets/minecraft/models/fish/f-akamutu.json,custom/other/fish/fish_akamutu
../assets/minecraft/models/fish/f-angel.json,custom/other/fish/fish-angel
../assets/minecraft/models/fish/f-bass.json,custom/other/fish/fish_bass
../assets/minecraft/models/fish/f-coral.json,custom/other/fish/fish_coral
../assets/minecraft/models/fish/f-dolphin.json,custom/other/fish/fish_dolphin
../assets/minecraft/models/fish/f-flog.json,custom/other/fish/fish_flog
../assets/minecraft/models/fish/f-fugu.json,custom/other/fish/fish-fugu
../assets/minecraft/models/fish/f-hamo.json,custom/other/fish/fish-hamo
../assets/minecraft/models/fish/f-hirame.json,custom/other/fish/fish_hirame
../assets/minecraft/models/fish/f-ika.json,custom/other/fish/fish-ika
../assets/minecraft/models/fish/f-jelly.json,custom/other/fish/fish_jelly
../assets/minecraft/models/fish/f-kame.json,custom/other/fish/fish-kame
../assets/minecraft/models/fish/f-king1.json,custom/other/fish/fish-king1
../assets/minecraft/models/fish/f-king2.json,custom/other/fish/fish-king2
../assets/minecraft/models/fish/f-kingika.json,custom/other/fish/fish-kingika
../assets/minecraft/models/fish/f-lobster.json,custom/other/fish/fish_lobster
../assets/minecraft/models/fish/f-pb.json,custom/other/fish/fish-premnas_biaculeatus
../assets/minecraft/models/fish/f-riopureurodon.json,custom/other/fish/fish_riopureurodon
../assets/minecraft/models/fish/f-ryugunotukai.json,custom/other/fish/fish-ryugunotukai
../assets/minecraft/models/fish/f-tetra.json,custom/other/fish/fish_tetra
../assets/minecraft/models/fish/f-tuna.json,custom/other/fish/fish_tuna
../assets/minecraft/models/fish/fish_anchor.json,fish/fish_anchor
../assets/minecraft/models/fish/fish_blacktiger.json,fish/fish_blacktiger
../assets/minecraft/models/fish/fish_crab.json,fish/fish_crab
../assets/minecraft/models/fish/fish_datsu.json,fish/fish_datsu
../assets/minecraft/models/fish/fish_demekin.json,fish/fish_demekin
../assets/minecraft/models/fish/fish_loach.json,fish/fish_loach
../assets/minecraft/models/fish/fish_marimo.json,fish/fish_marimo
../assets/minecraft/models/fish/hermit_crab.json,fish/hermit_crab
../assets/minecraft/models/fish/nuushi.json,fish/nuushi
../assets/minecraft/models/fish/octopus.json,fish/octopus
../assets/minecraft/models/fish/omaru.json,fish/omaru
../assets/minecraft/models/fish/piranha.json,fish/piranha
../assets/minecraft/models/fish/plankton.json,fish/plankton
../assets/minecraft/models/fish/rock_beauty.json,fish/rock_beauty
../assets/minecraft/models/fish/sea_cucumber.json,fish/sea_cucumber
../assets/minecraft/models/fish/snail.json,fish/snail
../assets/minecraft/models/fish/tadpole.json,fish/tadpole
../assets/minecraft/models/fish/tsuchinoko.json,fish/tsuchinoko
../assets/minecraft/models/fish/whale.json,fish/whale
../assets/minecraft/models/food/applepen.json,food/applepen
../assets/minecraft/models/food/banquet.json,custom/niiku1014/red,custom/niiku1014/brown3,custom/niiku1014/gray7,custom/niiku1014/white,custom/niiku1014/green2,custom/niiku1014/sabi,custom/niiku1014/orange4,custom/niiku1014/orange2,custom/niiku1014/fire3,custom/niiku1014/cucumber,custom/niiku1014/steak,3d/niku,custom/niiku1014/red
../assets/minecraft/models/food/barrel_mug.json,custom/sedona/barrel_mug
../assets/minecraft/models/food/beer.json,custom/niiku1014/grasspot,custom/niiku1014/white,custom/niiku1014/beerjuice,custom/niiku1014/grasspot
../assets/minecraft/models/food/champagne.json,custom/niiku1014/grasspot,custom/niiku1014/champagnejuice,custom/niiku1014/snowfalleffect,custom/niiku1014/grasspot
../assets/minecraft/models/food/coffee.json,custom/niiku1014/white,custom/niiku1014/gray8,custom/niiku1014/white
../assets/minecraft/models/food/donuts.json,block/pink_concrete,block/terracotta,custom/yousuke_craft/donuts_chocolate,block/yellow_concrete,block/lime_concrete,block/light_blue_concrete,block/white_concrete,block/pink_concrete
../assets/minecraft/models/food/french_toast.json,block/white_concrete,custom/sei2031/toast,item/honey_bottle,block/bricks,custom/sei2031/toast
../assets/minecraft/models/food/gyouza.json,block/quartz_block_top,block/bone_block_top,custom/sekemeke127/yakime,block/black_terracotta,sekemeke127/yakime
../assets/minecraft/models/food/hamburger.json,food/hamburger
../assets/minecraft/models/food/honeytoast.json,custom/coppe_le/bread,custom/coppe_le/bread
../assets/minecraft/models/food/juice.json,block/glass,block/red_stained_glass,block/dark_oak_planks,map/map_background_checkerboard,item/sweet_berries,block/red_stained_glass
../assets/minecraft/models/food/magicpot.json,custom/niiku1014/grasspot,custom/niiku1014/potjuice,custom/niiku1014/grasspot
../assets/minecraft/models/food/marimarikunn.json,block bench/marimari,block/mushroom_block_inside,block bench/marimari
../assets/minecraft/models/food/mikan.json,food/mikan
../assets/minecraft/models/food/mochi.json,food/mochi
../assets/minecraft/models/food/mochi_dan5.json,food/mochi_dan5
../assets/minecraft/models/food/niku.json,food/niku
../assets/minecraft/models/food/omochi.json,block/white_concrete,item/cooked_beef,block/white_wool,block/dried_kelp_side,block/blue_glazed_terracotta,block/white_wool
../assets/minecraft/models/food/original_character.json,block/red_concrete_powder,block/anvil,block/orange_concrete_powder,block/red_concrete_powder
../assets/minecraft/models/food/peach.json,food/peach
../assets/minecraft/models/food/pizza.json,food/pizza
../assets/minecraft/models/food/ppap.json,food/ppap
../assets/minecraft/models/food/ramen.json,custom/kuron__/kuron_brown,custom/kuron__/kuron_red,custom/kuron__/kuron_white,custom/kuron__/kuron_black,custom/kuron__/kuron_orange,custom/kuron__/kuron_pink,custom/kuron__/kuron_yellow2,custom/kuron__/kuron_brown
../assets/minecraft/models/food/ramen_1.json,food/ramen_1
../assets/minecraft/models/food/roast_pork.json,block/white_concrete,custom/sei2031/pig_maruyaki,block/black_concrete,custom/sei2031/pig_maruyaki
../assets/minecraft/models/food/sasimi_tuna.json,block/light_gray_concrete_powder,block/black_concrete_powder,block/andesite,block/white_concrete,block/red_concrete_powder,block/yellow_concrete,block/oak_planks,block/sunflower_front,block/bamboo_small_leaves,block/lime_shulker_box,block/red_concrete_powder
../assets/minecraft/models/food/shirasu_bowl.json,custom/niiku1014/gray7,custom/niiku1014/red,custom/niiku1014/white,custom/niiku1014/yellow,custom/niiku1014/sirasu,custom/niiku1014/gray7
../assets/minecraft/models/food/shirokuma_icecleam.json,entity/bear/polarbear,item/carrot,item/apple,item/melon_slice,block/black_terracotta,block/white_stained_glass_pane_top,item/sweet_berries,entity/bear/polarbear
../assets/minecraft/models/food/shrimp_tempura_bowl.json,custom/niiku1014/gray7,custom/niiku1014/red,custom/niiku1014/white,block/horn_coral_block,block/fire_coral_block,block/honey_block_side,block/brown_concrete,custom/niiku1014/gray7
../assets/minecraft/models/food/steak.json,custom/niiku1014/gray6,custom/niiku1014/brown4,custom/niiku1014/yellow5,custom/niiku1014/steak_kihou,custom/niiku1014/steak,custom/niiku1014/gray6
../assets/minecraft/models/food/stew.json,item/baked_potato,item/carrot,item/cooked_porkchop,custom/sei2031/konn,custom/sei2031/konn
../assets/minecraft/models/food/sushi0.json,food/sushi0
../assets/minecraft/models/food/sushi1.json,food/sushi1
../assets/minecraft/models/food/sushi10.json,food/sushi10
../assets/minecraft/models/food/sushi2.json,food/sushi2
../assets/minecraft/models/food/sushi3.json,food/sushi3
../assets/minecraft/models/food/sushi4.json,food/sushi4
../assets/minecraft/models/food/sushi5.json,food/sushi5
../assets/minecraft/models/food/sushi6.json,food/sushi6
../assets/minecraft/models/food/sushi7.json,food/sushi7
../assets/minecraft/models/food/sushi8.json,food/sushi8
../assets/minecraft/models/food/sushi9.json,food/sushi9
../assets/minecraft/models/food/sushi_ship.json,block/stripped_birch_log,block/white_wool,block/red_concrete_powder,block/stripped_jungle_log,block/black_terracotta,block/orange_shulker_box,block/yellow_wool,block/black_concrete,block/bamboo_stalk,block/white_shulker_box,block/stripped_birch_log
../assets/minecraft/models/food/tianjin_rice.json,custom/sei2031/ankake,block/white_concrete,block/lime_terracotta,block/red_concrete,custom/sei2031/ankake
../assets/minecraft/models/food/tom0.json,food/tom0
../assets/minecraft/models/food/toufu.json,block/anvil,block/bone_block_side,block/cactus_side,block/bee_nest_top,block/bone_block_side
../assets/minecraft/models/food/tsukimi_dumpling.json,/block/bamboo_stalk,/block/white_concrete,/block/yellow_concrete_powder,/block/birch_planks,/block/black_concrete,/block/bamboo_stalk
../assets/minecraft/models/food/unajuu.json,custom/sei2031/yaki,block/black_concrete,block/red_concrete,block/white_concrete_powder,custom/sei2031/yaki
../assets/minecraft/models/food/vanilla_icecream.json,block/white_concrete,item/egg,block/light_gray_concrete,block/dandelion,item/egg
../assets/minecraft/models/food/winegrass.json,custom/niiku1014/grasswine,custom/niiku1014/winejuice,custom/niiku1014/grasswine
../assets/minecraft/models/food/yakiniku.json,block/smithing_table_top,block/quartz_block_bottom,item/cooked_beef,block/brown_concrete,block/bamboo_large_leaves,item/cooked_beef
../assets/minecraft/models/guns/212_crossbow.json,212_crossbow_color,212_crossbow_color
../assets/minecraft/models/guns/3dman10spear.json,custom/niiku1014/blue4,custom/niiku1014/silver2,custom/niiku1014/light_blue2,custom/niiku1014/brown2,custom/niiku1014/blue4
../assets/minecraft/models/guns/abyssblade.json,custom/niiku1014/dark,custom/niiku1014/gray5,custom/niiku1014/gradation5,custom/niiku1014/gray3,custom/niiku1014/gray6,custom/niiku1014/dark
../assets/minecraft/models/guns/ak.json,custom/muffine/aktx,custom/muffine/aktx
../assets/minecraft/models/guns/ak_ads.json,custom/muffine/aktx,custom/muffine/aktx
../assets/minecraft/models/guns/amg_78.json,3d/m4/sozai351,custom/nothingness1/electro,3d/m4/sozai351
../assets/minecraft/models/guns/anubiswand.json,custom/niiku1014/yellow2,custom/niiku1014/gray6,custom/niiku1014/purple5,custom/niiku1014/purple6,custom/niiku1014/gradation13,custom/niiku1014/magic_spell2,custom/niiku1014/dark_vacuum,custom/niiku1014/dark_vacuum2,custom/niiku1014/dark_vacuum3,custom/niiku1014/yellow2
../assets/minecraft/models/guns/around_calibarn.json,custom/aguuu_nana/sennteikenn1,block/lapis_block,block/bee_nest_side,block/iron_block,block/dark_oak_door_top,custom/niiku1014/magic_monshou,block/bee_nest_side
../assets/minecraft/models/guns/atomicbazooka.json,custom/muffine/m2022,custom/muffine/atomicbz2,custom/muffine/atomicbz,custom/muffine/atomicbz
../assets/minecraft/models/guns/batterfly_knife.json,custom/nothingness1/_2battery,3d/m4/sozai351,custom/nothingness1/battery,custom/nothingness1/_2battery
../assets/minecraft/models/guns/battle_axe.json,custom/kuron__/kuron_brown,custom/kuron__/kuron_gray,custom/kuron__/kuron_gray2,custom/kuron__/kuron_brown
../assets/minecraft/models/guns/bat_sword.json,custom/sedona/shilver_,custom/airou/gold,custom/muffine/orange1,custom/muffine/orange2,custom/niiku1014/gray7,custom/niiku1014/gray6,custom/sedona/yellow_,custom/niiku1014/gray5,custom/sedona/black_,custom/sedona/b11
../assets/minecraft/models/guns/big_axe.json,custom/mamekichi/bigaxe3,custom/mamekichi/bigaxe1,custom/mamekichi/bigaxe2,custom/mamekichi/bigaxe4
../assets/minecraft/models/guns/big_scythe.json,block/light_gray_concrete,block/gray_concrete,block/iron_block,block/light_gray_concrete
../assets/minecraft/models/guns/bloken_laser.json,3d/m4/sozai351,custom/nothingness1/bloken_laser,3d/m4/sozai351
../assets/minecraft/models/guns/blowgun.json,block/dark_oak_planks,block/oak_planks,block/dark_oak_planks
../assets/minecraft/models/guns/blunt_weapon.json,custom/torokuro_/gray,custom/torokuro_/brown,custom/torokuro_/gray
../assets/minecraft/models/guns/broken_katana.json,custom/yousuke_craft/sabi_,block/anvil
../assets/minecraft/models/guns/bustersword.json,custom/muffine/bts1,custom/muffine/bts2,custom/muffine/bts3,custom/muffine/bts5,custom/muffine/bts6,custom/muffine/bts4
../assets/minecraft/models/guns/butterfly_axe.json,custom/niiku1014/white,custom/niiku1014/yellow2,custom/niiku1014/blue7,custom/niiku1014/yellow,custom/niiku1014/yellow5,custom/niiku1014/light_blue,custom/fuwamaru124/pinkbutterfly_left,custom/niiku1014/gray4,custom/niiku1014/blue5,custom/fuwamaru124/pinkbutterfly_right,custom/niiku1014/blue4,custom/fuwamaru124/pinkbutterfly_left
../assets/minecraft/models/guns/butterfly_knife.json,3d/m4/sozai351,custom/nothingness1/adrenaline,custom/romi_1717/kinn,3d/m4/sozai351
../assets/minecraft/models/guns/cane_cheryy.json,block/emerald_block,block/pink_stained_glass,block/purple_concrete,block/pink_concrete,block/gold_block,block/gold_block
../assets/minecraft/models/guns/cannon.json,block/cauldron_inner,block/spruce_log,block/cauldron_inner
../assets/minecraft/models/guns/chained_book.json,block/stone,block/sponge,block/bedrock,block/anvil,block/birch_door_top,font/unicode_page_07,block/stone
../assets/minecraft/models/guns/closed_magical_sun_book.json,block/red_sandstone,block/cartography_table_side3,block/beacon,block/bee_nest_top,block/spruce_log,block/sponge,block/birch_door_top,block/red_sandstone
../assets/minecraft/models/guns/cobblestone_gun.json,block/anvil,custom/sedona/shammer,block/barrel_top_open
../assets/minecraft/models/guns/coilgun.json,custom/niiku1014/gray,custom/niiku1014/brown5,custom/niiku1014/brown,custom/niiku1014/gray3,custom/niiku1014/gray
../assets/minecraft/models/guns/compound_bow.json,3d/m4/sozai351_,custom/muffine/p902,custom/muffine/tensi,custom/muffine/creeper,3d/m4/sozai351_
../assets/minecraft/models/guns/compound_bow_ads.json,3d/m4/sozai351_,custom/muffine/p902,custom/muffine/tensi,custom/muffine/creeper,3d/m4/sozai351_
../assets/minecraft/models/guns/cracked_man10spear.json,custom/niiku1014/blue4,block/prismarine,block/cracked_stone_bricks,block/oak_log,custom/niiku1014/blue4
../assets/minecraft/models/guns/crescent_rose.json,block/black_glazed_terracotta,block/iron_block,block/black_glazed_terracotta
../assets/minecraft/models/guns/crystal_blade.json,custom/nothingness1/gradation_1,3d/m4/sozai351,custom/nothingness1/gradation_1
../assets/minecraft/models/guns/daemonrapier.json,custom/niiku1014/gray5,custom/niiku1014/gray,custom/niiku1014/gradation,custom/niiku1014/magic13,custom/niiku1014/yellow2,custom/niiku1014/black,custom/niiku1014/swordeffect,custom/niiku1014/gray5
../assets/minecraft/models/guns/darkness_sword.json,custom/niiku1014/yellow2,custom/niiku1014/gray7,custom/niiku1014/gradation8,custom/niiku1014/yellow2
../assets/minecraft/models/guns/dark_wand.json,custom/niiku1014/brown2,custom/niiku1014/gray5,custom/niiku1014/maseki,custom/niiku1014/magicstone2,custom/niiku1014/magic_spell2,custom/niiku1014/magic5,custom/niiku1014/gray,custom/niiku1014/gray
../assets/minecraft/models/guns/deathscythe.json,custom/muffine/scythe1,custom/muffine/scythe2,custom/muffine/scythe3,custom/muffine/scythe1
../assets/minecraft/models/guns/devilbow1_0.json,custom/uekibachi/devilmeisai,custom/uekibachi/devilmeisai
../assets/minecraft/models/guns/devilbow1_1.json,custom/uekibachi/devilmeisai,custom/uekibachi/devilmeisai
../assets/minecraft/models/guns/devilbow1_2.json,custom/uekibachi/devilmeisai,custom/uekibachi/devilringv2_0,custom/uekibachi/devilmeisai
../assets/minecraft/models/guns/devilbow1_3.json,custom/uekibachi/devilmeisai,custom/uekibachi/devilringv2_1,custom/uekibachi/devilmeisai
../assets/minecraft/models/guns/devilbow1_4.json,custom/uekibachi/devilmeisai,custom/uekibachi/devilringv2,custom/uekibachi/devilmeisai
../assets/minecraft/models/guns/dominator.json,custom/romi/do,custom/romi/doo,custom/romi/concrete_silver,custom/romi/homi,custom/romi/clay,custom/romi/doa,custom/romi/domi-,custom/romi/do
../assets/minecraft/models/guns/double_blade_bow.json,3d/m4/sozai351_,custom/nothingness1/electro_3,custom/nothingness1/electro_3
../assets/minecraft/models/guns/double_blade_combining.json,3d/m4/sozai351_,custom/nothingness1/electro_3,custom/nothingness1/electro_3
../assets/minecraft/models/guns/double_blade_division.json,3d/m4/sozai351_,custom/nothingness1/electro_3,custom/nothingness1/electro_3
../assets/minecraft/models/guns/elder_wand.json,block/dark_oak_log,block/white_shulker_box,block/dark_oak_log
../assets/minecraft/models/guns/electronic_rifle.json,custom/nothingness1/silver,custom/nothingness1/black10,custom/nothingness1/silver
../assets/minecraft/models/guns/electronic_scythe.json,custom/nothingness1/electro,3d/m4/sozai351,3d/m4/sozai351
../assets/minecraft/models/guns/eliminator.json,custom/romi/blrre,custom/romi/clay,custom/romi/do,custom/romi/doa,custom/romi/domi-,custom/romi/domiea,custom/romi/doo,custom/romi/homi
../assets/minecraft/models/guns/enchanted_book_close.json,item/enchanted_book
../assets/minecraft/models/guns/enchanted_book_open.json,item/enchanted_book,item/written_book,custom/coppe_le/enchanted,custom/coppe_le/enchanted
../assets/minecraft/models/guns/energy_stream.json,custom/niiku1014/brown6,custom/niiku1014/gradation5,custom/niiku1014/magic_spell4,custom/niiku1014/magic26,custom/niiku1014/brown6
../assets/minecraft/models/guns/excavation_ak.json,custom/yousuke_craft/sabi_,custom/yousuke_craft/sabi_light,custom/yousuke_craft/sabi_
../assets/minecraft/models/guns/excavation_p320.json,block/green_concrete_powder,block/oak_leaves,block/stone,block/cobblestone
../assets/minecraft/models/guns/firestick.json,custom/niiku1014/wood,custom/niiku1014/gradation4,custom/niiku1014/wood
../assets/minecraft/models/guns/flameblade.json,custom/niiku1014/yellow,custom/niiku1014/wine_red,custom/niiku1014/swordeffect2,custom/niiku1014/red_2,custom/niiku1014/red
../assets/minecraft/models/guns/flarewand.json,custom/niiku1014/fire2,custom/niiku1014/silver,custom/niiku1014/magic_spell4,custom/niiku1014/hinoko,custom/niiku1014/brown3,custom/niiku1014/magic9,custom/niiku1014/fire2
../assets/minecraft/models/guns/futurespear.json,block/prismarine_bricks,custom/kuchitsu/charge,block/dispenser_front,block/dark_prismarine,block/prismarine_bricks
../assets/minecraft/models/guns/gamblegun.json,coilgun/greay,coilgun/orange,coilgun/black,coilgun/ao,coilgun/green,coilgun/gold,coilgun/red,coilgun/7,coilgun/diceblue,coilgun/dicegreen,coilgun/dicered,coilgun/greay
../assets/minecraft/models/guns/gash_red_book_close.json,custom/aguuu_nana/gash_red_book_cover,block/black_concrete,block/red_concrete,block/white_concrete
../assets/minecraft/models/guns/gash_red_book_open.json,custom/aguuu_nana/gash_red_book,block/white_concrete,custom/aguuu_nana/gash_red_book_wards,custom/aguuu_nana/gash_red_book_cover,block/black_concrete,block/red_concrete,block/white_concrete,custom/aguuu_nana/gash_red_book
../assets/minecraft/models/guns/gear_bow.json,block/stone,block/sponge,block/light_blue_stained_glass,block/stone
../assets/minecraft/models/guns/ghostsword.json,custom/uekibachi/bluefire,custom/uekibachi/foldingknife1,custom/uekibachi/foldingknife2,custom/uekibachi/foldingknife1
../assets/minecraft/models/guns/goblinslayer_wand.json,custom/niiku1014/brown6,custom/niiku1014/yellow,custom/niiku1014/blue5,custom/niiku1014/brown6
../assets/minecraft/models/guns/golden_scythe.json,custom/kentaayato/copper,block/white_concrete,block/black_concrete,custom/kentaayato/copper,custom/kentaayato/copper
../assets/minecraft/models/guns/goliath.json,custom/romi/ry,custom/romi/ime,custom/romi/mm,custom/romi/anvil_base,custom/romi/beacon,custom/romi/ry
../assets/minecraft/models/guns/grandia.json,custom/niiku1014/gray3,custom/niiku1014/red3,custom/niiku1014/gray7,custom/niiku1014/yellow6,custom/niiku1014/fire2,custom/niiku1014/gray3
../assets/minecraft/models/guns/grandia_long.json,custom/niiku1014/gray3,custom/niiku1014/red3,custom/niiku1014/gray7,custom/niiku1014/yellow6,custom/niiku1014/fire2,custom/niiku1014/gray3
../assets/minecraft/models/guns/grand_buster.json,custom/niiku1014/gray2,custom/niiku1014/gray,custom/niiku1014/red,custom/niiku1014/red3,custom/niiku1014/tuka3,custom/niiku1014/gray
../assets/minecraft/models/guns/grand_buster_block.json,custom/niiku1014/gray2,custom/niiku1014/gray,custom/niiku1014/red,custom/niiku1014/red3,custom/niiku1014/tuka3,custom/niiku1014/gray
../assets/minecraft/models/guns/grimoire-mois_close.json,custom/hetayoko_939713/grimoire-mois_omote,custom/hetayoko_939713/obiobi,custom/hetayoko_939713/grimoire-mois_ura,custom/hetayoko_939713/paper,custom/hetayoko_939713/grimoire-mois_omote
../assets/minecraft/models/guns/grimoire-mois_open.json,custom/hetayoko_939713/grimoire-mois_omote_open,custom/hetayoko_939713/grimoire-mois_ura_open,custom/hetayoko_939713/grimoire-mois_pageleft,custom/hetayoko_939713/grimoire-mois_pageright,custom/hetayoko_939713/mahoujin,custom/hetayoko_939713/graybutton,custom/hetayoko_939713/movingobi,custom/hetayoko_939713/grimoire-mois_omote_open
../assets/minecraft/models/guns/halloweenblade.json,custom/nothingness0/pumpkin,custom/nothingness0/purple2,3d/hadouhou/black,custom/nothingness0/pumpkin
../assets/minecraft/models/guns/halloweenwand.json,custom/niiku1014/wine_red,custom/niiku1014/magic17,custom/niiku1014/lantern,custom/niiku1014/black,custom/niiku1014/brown4,custom/niiku1014/orange,custom/niiku1014/gray5,custom/niiku1014/houtai,custom/niiku1014/wine_red
../assets/minecraft/models/guns/halloween_magic_book.json,custom/niiku1014/bock_paper2,custom/niiku1014/halloween_book,custom/niiku1014/halloween_bock_page1,custom/niiku1014/magic29,custom/niiku1014/black,custom/niiku1014/bateffect,custom/niiku1014/bock_paper2
../assets/minecraft/models/guns/halloween_magic_book2.json,custom/niiku1014/bock_paper2,custom/niiku1014/halloween_book,custom/niiku1014/yellow4,custom/niiku1014/black,custom/niiku1014/bock_paper2
../assets/minecraft/models/guns/handgun.json,block/dark_oak_planks,block/iron_ore,block/dark_oak_planks
../assets/minecraft/models/guns/heavy_minigun.json,3d/m4/sozai351,3d/m4/sozai351
../assets/minecraft/models/guns/heelingwand.json,custom/niiku1014/gradation3,custom/niiku1014/silver,custom/niiku1014/yellow2,custom/niiku1014/magic10,custom/niiku1014/green,custom/niiku1014/gradation3
../assets/minecraft/models/guns/hurricane_wand.json,custom/niiku1014/silver5,custom/niiku1014/silver2,custom/niiku1014/brown6,custom/niiku1014/gradation3,custom/niiku1014/yellow,custom/niiku1014/light_green,custom/niiku1014/windcuteffect1,custom/niiku1014/windcuteffect2,custom/niiku1014/windcuteffect3,custom/niiku1014/windcuteffect4,custom/niiku1014/magic24,custom/niiku1014/silver5
../assets/minecraft/models/guns/icescythe.json,custom/niiku1014/blue,custom/niiku1014/light_blue2,custom/niiku1014/light_blue5,custom/niiku1014/gradation7,custom/niiku1014/blue
../assets/minecraft/models/guns/icespear.json,block/ice,block/blue_concrete,block/ice
../assets/minecraft/models/guns/icicleblizzard.json,custom/niiku1014/blue,custom/niiku1014/blue5,custom/niiku1014/gradation9,custom/niiku1014/light_blue2,custom/niiku1014/gradation10,custom/niiku1014/gradation11,custom/niiku1014/light_blue5,custom/niiku1014/magic19,custom/niiku1014/magic_spell,custom/niiku1014/blue
../assets/minecraft/models/guns/innocent_sword.json,custom/niiku1014/greenwing,custom/niiku1014/redwing,custom/niiku1014/magic30,custom/niiku1014/silver2,custom/niiku1014/yellow2,custom/niiku1014/brown5,custom/niiku1014/gradation8,custom/niiku1014/greenwing
../assets/minecraft/models/guns/kagami.json,custom/niiku1014/black,custom/niiku1014/gray6,custom/niiku1014/gray,custom/niiku1014/black
../assets/minecraft/models/guns/kanabou.json,custom/niiku1014/houtai,custom/niiku1014/gray2,custom/niiku1014/houtai
../assets/minecraft/models/guns/katanaww.json,custom/longlongago/anvil,custom/longlongago/stone,custom/longlongago/bedrock,custom/longlongago/blast_furnace_front,custom/longlongago/clay,custom/longlongago/anvil
../assets/minecraft/models/guns/kusanagi.json,custom/niiku1014/black,custom/niiku1014/gray6,custom/niiku1014/gray7,custom/niiku1014/black
../assets/minecraft/models/guns/laser.json,custom/mogi_03/black,custom/mogi_03/redset,custom/mogi_03/lightgray,custom/mogi_03/graytwo,custom/mogi_03/gray,custom/mogi_03/black
../assets/minecraft/models/guns/launch_fireworks.json,custom/coppe_le/launch_fireworks,block/black_concrete_powder,custom/coppe_le/launch_fireworks_none,block/black_concrete_powder
../assets/minecraft/models/guns/light_wand.json,custom/niiku1014/yellow2,custom/niiku1014/blue,custom/niiku1014/magic_spell3,custom/niiku1014/gradation2,custom/niiku1014/yellow2
../assets/minecraft/models/guns/long_iron_sword.json,block/dark_oak_log,block/stonecutter_bottom,block/white_concrete
../assets/minecraft/models/guns/lord_caldeas.json,block/gray_concrete,block/light_gray_concrete,block/gray_concrete_powder,block/black_concrete,block/purple_concrete,block/gray_concrete
../assets/minecraft/models/guns/lord_caldeas_block.json,block/gray_concrete,block/light_gray_concrete,block/gray_concrete_powder,block/black_concrete,block/purple_concrete,block/gray_concrete
../assets/minecraft/models/guns/magatama.json,custom/niiku1014/green
../assets/minecraft/models/guns/magewand.json,custom/muffine/wand1,custom/muffine/spear2,custom/muffine/spear,custom/muffine/wand1
../assets/minecraft/models/guns/mage_booster.json,custom/niiku1014/brown3,custom/niiku1014/beige4,custom/niiku1014/silver2,custom/niiku1014/snowfalleffect2,custom/niiku1014/magic_spell4,custom/niiku1014/magic_spell,custom/niiku1014/magic27,custom/niiku1014/brown3
../assets/minecraft/models/guns/magicarchery.json,custom/niiku1014/silver3,custom/niiku1014/wine_red
../assets/minecraft/models/guns/magicarchery_ads.json,custom/niiku1014/magic_ads,custom/niiku1014/magic_ads2,custom/niiku1014/silver3,custom/niiku1014/wine_red,custom/niiku1014/magic11,custom/niiku1014/magic12,custom/niiku1014/energy4,custom/niiku1014/silver3
../assets/minecraft/models/guns/magicbook_cheni_close.json,block/white_concrete,block/blue_concrete,block/black_concrete,block/cyan_concrete,block/gold_block,block/anvil,block/red_concrete,custom/aguuu_nana/cheni_cover
../assets/minecraft/models/guns/magicbook_cheni_open.json,block/white_concrete,block/blue_concrete,block/black_concrete,block/cyan_concrete,block/gold_block,block/anvil,block/red_concrete,custom/aguuu_nana/cheni_cover,custom/aguuu_nana/gash_red_book_wards,custom/aguuu_nana/cheni_magic
../assets/minecraft/models/guns/magicbook_star_close.json,custom/nothingness1/magicbook_star_2,custom/muffine/hdh1,custom/nothingness1/magicbook_star_2
../assets/minecraft/models/guns/magicbook_star_open.json,custom/nothingness1/magicbook_star_2,custom/muffin/hdh1,custom/nothingness1/unicode_page_13,custom/nothingness1/magicbook_star_1,custom/nothingness1/magicbook_star_2
../assets/minecraft/models/guns/magic_book.json,custom/niiku1014/bock_paper2,custom/niiku1014/book,custom/niiku1014/magic_monshou3,custom/niiku1014/bock_page1,custom/niiku1014/bock_page3,custom/niiku1014/magic3,custom/niiku1014/magic_monshou1,custom/niiku1014/book2,custom/niiku1014/black,custom/niiku1014/magic_monshou2,custom/niiku1014/magic_monshou4,custom/niiku1014/bock_paper2
../assets/minecraft/models/guns/magic_book2.json,custom/niiku1014/bock_paper2,custom/niiku1014/book,custom/niiku1014/book2,custom/niiku1014/yellow,custom/niiku1014/black,custom/niiku1014/bock_paper2
../assets/minecraft/models/guns/magic_bow.json,custom/niiku1014/magic3,custom/niiku1014/magic3
../assets/minecraft/models/guns/magic_bow_pull0.json,custom/niiku1014/magic3,custom/niiku1014/magic3
../assets/minecraft/models/guns/magic_bow_pull1.json,custom/niiku1014/magic3,custom/niiku1014/swordeffect2,custom/niiku1014/magic3
../assets/minecraft/models/guns/magic_bow_pull2.json,custom/niiku1014/magic3,custom/niiku1014/swordeffect2,custom/niiku1014/magic26,custom/niiku1014/magic3
../assets/minecraft/models/guns/magic_bow_pull3.json,custom/niiku1014/magic3,custom/niiku1014/swordeffect2,custom/niiku1014/magic26,custom/niiku1014/magic_monshou,custom/niiku1014/magic3
../assets/minecraft/models/guns/magic_bow_pull4.json,custom/niiku1014/magic3,custom/niiku1014/swordeffect2,custom/niiku1014/magic26,custom/niiku1014/magic_monshou,custom/niiku1014/magic_spell4,custom/niiku1014/magic3
../assets/minecraft/models/guns/magic_bow_pull5.json,custom/niiku1014/magic3,custom/niiku1014/swordeffect2,custom/niiku1014/magic26,custom/niiku1014/magic_monshou,custom/niiku1014/magic_spell4,custom/niiku1014/magic28,custom/niiku1014/magic3
../assets/minecraft/models/guns/magic_bow_pull6.json,custom/niiku1014/magic3,custom/niiku1014/swordeffect2,custom/niiku1014/magic26,custom/niiku1014/magic_monshou,custom/niiku1014/magic_spell4,custom/niiku1014/magic28,custom/niiku1014/magic3
../assets/minecraft/models/guns/magic_bow_pull7.json,custom/niiku1014/magic3,custom/niiku1014/swordeffect2,custom/niiku1014/magic26,custom/niiku1014/magic_monshou,custom/niiku1014/magic_spell4,custom/niiku1014/magic28,custom/niiku1014/magic3
../assets/minecraft/models/guns/mametaku_stone_spear.json,custom/sedona/shammer,custom/sedona/shammer
../assets/minecraft/models/guns/massive_wand.json,custom/niiku1014/brown,custom/niiku1014/brown6,custom/niiku1014/gray5,custom/niiku1014/silver,custom/niiku1014/stoneanimation,custom/niiku1014/magic23,custom/niiku1014/brown
../assets/minecraft/models/guns/mechanic_knife.json,block/hopper_outside,block/honey_block_side,block/hopper_outside
../assets/minecraft/models/guns/metal_shield.json,custom/nothingness1/metal_2,custom/nothingness1/metal_3,custom/nothingness1/metal_4,custom/nothingness1/glass_11,custom/nothingness1/metal_2
../assets/minecraft/models/guns/metal_shield_block.json,custom/nothingness1/metal_2,custom/nothingness1/metal_3,custom/nothingness1/metal_4,custom/nothingness1/glass_11,custom/nothingness1/metal_2
../assets/minecraft/models/guns/meteor_storm.json,custom/niiku1014/brown4,custom/niiku1014/gradation4,custom/niiku1014/magic28,custom/niiku1014/hinoko,custom/niiku1014/brown4
../assets/minecraft/models/guns/musket.json,custom/sedona/musket
../assets/minecraft/models/guns/nabebuta_shield.json,block/barrel_side,custom/sedona/shammer,block/barrel_side
../assets/minecraft/models/guns/nabebuta_shield_block.json,block/barrel_side,custom/sedona/shammer,block/barrel_side
../assets/minecraft/models/guns/niiku_m4a1.json,custom/niiku1014/gray5,custom/niiku1014/gray6,custom/niiku1014/gray5
../assets/minecraft/models/guns/niiku_m4a1_ads.json,custom/niiku1014/gray5,custom/niiku1014/gray6,custom/niiku1014/gray5
../assets/minecraft/models/guns/normal_scythe.json,custom/niiku1014/gray8,custom/niiku1014/silver,custom/niiku1014/silver2,custom/niiku1014/gray8
../assets/minecraft/models/guns/opened_magical_sun_book.json,block/red_sandstone,block/cartography_table_side3,block/beacon,block/bee_nest_top,block/spruce_log,block/sponge,font/unicode_page_12,block/birch_trapdoor,block/red_sandstone
../assets/minecraft/models/guns/p320.json,custom/niiku1014/glock_whitedot,custom/niiku1014/gray,custom/niiku1014/gray4,custom/niiku1014/gray5,custom/niiku1014/glock_whitedot
../assets/minecraft/models/guns/p320_ads.json,custom/niiku1014/glock_whitedot,custom/niiku1014/gray,custom/niiku1014/gray4,custom/niiku1014/gray5,custom/niiku1014/glock_whitedot
../assets/minecraft/models/guns/pandrawand.json,custom/niiku1014/magic22,custom/niiku1014/brown6,custom/niiku1014/gradation15,custom/niiku1014/silver2,custom/niiku1014/magic22
../assets/minecraft/models/guns/pegasus_sword.json,custom/niiku1014/yellow,custom/niiku1014/yellow2,custom/niiku1014/light_blue2,custom/niiku1014/light_blue6,custom/niiku1014/white,custom/niiku1014/yellow
../assets/minecraft/models/guns/pirate_gun.json,custom/niiku1014/yellow4,custom/niiku1014/yellow2,custom/niiku1014/brown3
../assets/minecraft/models/guns/plasma_cannon_active.json,3d/m4/sozai351,custom/nothingness1/electro,custom/nothingness1/scope_green_1,3d/m4/sozai351
../assets/minecraft/models/guns/plasma_cannon_close.json,3d/m4/sozai351,custom/nothingness1/electro,custom/nothingness1/scope_green_1,3d/m4/sozai351
../assets/minecraft/models/guns/poteto_gun.json,custom/niiku1014/gray3,custom/niiku1014/gray7,custom/niiku1014/blue5,custom/niiku1014/gray3
../assets/minecraft/models/guns/pwtornado1.json,custom/uekibachi/tornado_1,custom/uekibachi/tornado_1
../assets/minecraft/models/guns/pwtornado2.json,custom/uekibachi/tornado_2,custom/uekibachi/tornado_2
../assets/minecraft/models/guns/pwtornado3.json,custom/uekibachi/tornado_3,custom/uekibachi/tornado_3
../assets/minecraft/models/guns/pwtornado4.json,custom/uekibachi/tornado_4,custom/uekibachi/tornado_4
../assets/minecraft/models/guns/relic_spear.json,custom/nothingness1/relic_spear,custom/nothingness1/relic_spear
../assets/minecraft/models/guns/remingtonm700.json,custom/niiku1014/gray4,custom/niiku1014/black,custom/niiku1014/silver3,custom/niiku1014/gray4
../assets/minecraft/models/guns/remingtonm700ads.json,custom/niiku1014/gray4,custom/niiku1014/black,custom/niiku1014/silver3,custom/niiku1014/gray4
../assets/minecraft/models/guns/rosutovein___.json,block/gold_block,block/iron_block,custom/kentaayato/kentaayatogreen,block/gold_block
../assets/minecraft/models/guns/rusted_deathscythe.json,custom/niiku1014/gray5,custom/niiku1014/sabi,custom/niiku1014/gray5
../assets/minecraft/models/guns/rusted_m4a1.json,custom/niiku1014/sabi
../assets/minecraft/models/guns/rusted_remingtonm700.json,custom/niiku1014/sabi,custom/niiku1014/sabi
../assets/minecraft/models/guns/sandstick.json,custom/niiku1014/wood,custom/niiku1014/gradation7,custom/niiku1014/wood
../assets/minecraft/models/guns/sao_elucidator.json,custom/niiku1014/black,custom/niiku1014/silver2,custom/niiku1014/gray,custom/niiku1014/black
../assets/minecraft/models/guns/sheathed_white_katana.json,block/black_glazed_terracotta,block/black_wool,block/sponge,block/quartz_pillar,block/bell_bottom,block/polished_diorite
../assets/minecraft/models/guns/short_knife.json,custom/niiku1014/silver2,custom/niiku1014/brown2,custom/niiku1014/beige2,custom/niiku1014/silver2
../assets/minecraft/models/guns/shotgun.json,block/anvil,block/crafting_table_top,block/cauldron_inner,block/anvil
../assets/minecraft/models/guns/skull_meteor.json,custom/niiku1014/gray5,custom/niiku1014/yellow2,custom/niiku1014/brown2,custom/niiku1014/red4,custom/niiku1014/gradation8,custom/niiku1014/magic25,custom/niiku1014/brown2
../assets/minecraft/models/guns/slingshot.json,custom/sedona/slingshot,custom/sedona/slingshot2
../assets/minecraft/models/guns/smg.json,block/black_shulker_box
../assets/minecraft/models/guns/smg_ads.json,block/black_shulker_box
../assets/minecraft/models/guns/splashtakt.json,custom/niiku1014/blue,custom/niiku1014/blue5,custom/niiku1014/magic15,custom/niiku1014/watereffect,custom/niiku1014/yellow,custom/niiku1014/blue
../assets/minecraft/models/guns/stone_hammer.json,custom/sedona/shammer
../assets/minecraft/models/guns/stone_spear.json,block/oak_log,block/anvil,block/spruce_log,block/anvil
../assets/minecraft/models/guns/stun_gun.json,block/gray_concrete,block/red_concrete,block/black_concrete,block/clay,block/gray_concrete
../assets/minecraft/models/guns/tachibana_blade.json,custom/niiku1014/yellow2,custom/niiku1014/tuka2,custom/niiku1014/katana_blade2,custom/niiku1014/snowfalleffect,custom/niiku1014/star_light_animation,custom/niiku1014/white_fall_animation,custom/niiku1014/katana_blade2
../assets/minecraft/models/guns/technologycannon.json,custom/uekibachi/tecnohari1,custom/uekibachi/greenpepsi,custom/uekibachi/tecnohari1
../assets/minecraft/models/guns/technologylauncher_0.json,custom/uekibachi/foldingknife1,custom/uekibachi/foldingknife2,custom/uekibachi/greenlazer,custom/uekibachi/foldingknife1
../assets/minecraft/models/guns/technologylauncher_1.json,custom/uekibachi/foldingknife1,custom/uekibachi/foldingknife2,custom/uekibachi/greenlazer,custom/uekibachi/foldingknife1
../assets/minecraft/models/guns/technologylauncher_2.json,custom/uekibachi/foldingknife1,custom/uekibachi/foldingknife2,custom/uekibachi/greenlazer,custom/uekibachi/foldingknife1
../assets/minecraft/models/guns/technologylauncher_3.json,custom/uekibachi/foldingknife1,custom/uekibachi/foldingknife2,custom/uekibachi/greenlazer,custom/uekibachi/foldingknife1
../assets/minecraft/models/guns/technologylauncher_4.json,custom/uekibachi/foldingknife1,custom/uekibachi/foldingknife2,custom/uekibachi/greenlazer,custom/uekibachi/foldingknife1
../assets/minecraft/models/guns/technologylauncher_5.json,custom/uekibachi/foldingknife1,custom/uekibachi/foldingknife2,custom/uekibachi/greenlazer,custom/uekibachi/foldingknife1
../assets/minecraft/models/guns/technologylauncher_6.json,custom/uekibachi/foldingknife1,custom/uekibachi/foldingknife2,custom/uekibachi/greenlazer,custom/uekibachi/foldingknife1
../assets/minecraft/models/guns/technologylauncher_7.json,custom/uekibachi/foldingknife1,custom/uekibachi/foldingknife2,custom/uekibachi/greenlazer,custom/uekibachi/foldingknife1
../assets/minecraft/models/guns/technologyneedle.json,custom/uekibachi/tecnohari1,custom/uekibachi/greenpepsi,custom/uekibachi/tecnohari1
../assets/minecraft/models/guns/throwing_star.json,block/coal_block,block/cobblestone,block/bedrock
../assets/minecraft/models/guns/time_wand.json,custom/nothingness1/gold_112,3d/m4/sozai351,custom/nothingness1/gold_anime_1,custom/nothingness1/gold_anime_1
../assets/minecraft/models/guns/type38.json,block/spruce_planks,custom/kentaayato/zyuutex,custom/kentaayato/zyuutex_,block/spruce_planks
../assets/minecraft/models/guns/ultimate_blank.json,custom/niiku1014/gray7,custom/niiku1014/white,custom/niiku1014/silver,custom/niiku1014/gray4,custom/niiku1014/gray7
../assets/minecraft/models/guns/ultimate_calibur.json,custom/niiku1014/gray7,custom/niiku1014/black,custom/niiku1014/white,custom/niiku1014/silver,custom/niiku1014/light_blue2,custom/niiku1014/gradation2,custom/niiku1014/gradation20,custom/niiku1014/gray7
../assets/minecraft/models/guns/ultimate_final.json,custom/niiku1014/gray7,custom/niiku1014/white,custom/niiku1014/silver,custom/niiku1014/gradation20,custom/niiku1014/gradation2,custom/niiku1014/gradation7,custom/niiku1014/ult_animation,custom/niiku1014/ult_animation2,custom/niiku1014/gradation21,custom/niiku1014/ult_animation3,custom/niiku1014/ult_animation4,custom/niiku1014/blue_thunder,custom/niiku1014/ult_animation5,custom/niiku1014/gray7
../assets/minecraft/models/guns/ultimate_shelling.json,custom/niiku1014/gray7,custom/niiku1014/black,custom/niiku1014/white,custom/niiku1014/silver,custom/niiku1014/light_blue2,custom/niiku1014/gradation2,custom/niiku1014/gradation20,custom/niiku1014/block_square_animation,custom/niiku1014/blue_thunder,custom/niiku1014/gray7
../assets/minecraft/models/guns/unchained_book.json,block/stone,block/sponge,block/bedrock,block/anvil,block/birch_door_top,font/unicode_page_07,block/stone
../assets/minecraft/models/guns/unsealed_book.json,block/stone,block/sponge,block/bedrock,block/anvil,block/birch_door_top,font/unicode_page_07,block/dragon_egg,block/black_stained_glass,block/obsidian,block/structure_block,block/stone
../assets/minecraft/models/guns/voltagecannon_gun.json,custom/niiku1014/gray6,custom/niiku1014/energy5,custom/niiku1014/silver2,custom/niiku1014/gradation2,custom/niiku1014/gray6
../assets/minecraft/models/guns/voltagecannon_sword.json,custom/niiku1014/gray6,custom/niiku1014/energy5,custom/niiku1014/silver2,custom/niiku1014/gradation2,custom/niiku1014/gray6
../assets/minecraft/models/guns/waterstick.json,custom/niiku1014/wood,custom/niiku1014/gradation12,custom/niiku1014/wood
../assets/minecraft/models/guns/water_cannon.json,block/water_still,block/gray_concrete,block/iron_block,block/anvil,block/glass,block/prismarine,block/lapis_block,block/water_still
../assets/minecraft/models/guns/water_gun_pistol.json,2d/gun_tex/water_gun_pistol
../assets/minecraft/models/guns/wearable_gun.json,block/redstone_block,block/anvil,block/blue_stained_glass,block/chiseled_quartz_block,block/sea_lantern,block/redstone_block
../assets/minecraft/models/guns/white_katana.json,block/polished_diorite,block/black_glazed_terracotta,block/black_wool,block/sponge,block/anvil,block/quartz_pillar,block/polished_diorite
../assets/minecraft/models/guns/white_whale_sword.json,custom/niiku1014/white,custom/niiku1014/silver2,custom/niiku1014/silver3,custom/niiku1014/silver4,custom/niiku1014/gradation19,custom/niiku1014/white
../assets/minecraft/models/guns/windstick.json,custom/niiku1014/wood,custom/niiku1014/gradation6,custom/niiku1014/wood
../assets/minecraft/models/guns/wooden_bow.json,block/spruce_log,block/white_wool,1.15.2tex:block/spruce_log
../assets/minecraft/models/guns/wooden_bow_pulling0.json,block/spruce_log,block/white_wool,entity/arrow,block/spruce_log
../assets/minecraft/models/guns/wooden_bow_pulling1.json,block/spruce_log,block/white_wool,entity/arrow,block/spruce_log
../assets/minecraft/models/guns/wooden_bow_pulling2.json,block/spruce_log,block/white_wool,entity/arrow,block/spruce_log
../assets/minecraft/models/guns/woodstick.json,custom/niiku1014/wood,custom/niiku1014/wood
../assets/minecraft/models/guns/xmaswand.json,custom/niiku1014/white,custom/niiku1014/light_blue,custom/niiku1014/light_blue2,custom/niiku1014/magic20,custom/niiku1014/snowfalleffect,custom/niiku1014/white
../assets/minecraft/models/guns/yasakaninomagatama.json,custom/niiku1014/green
../assets/minecraft/models/guns/yatanokagami.json,custom/niiku1014/black,custom/niiku1014/gray6,custom/niiku1014/gray,custom/niiku1014/black
../assets/minecraft/models/item/amethyst.json,item/amethyst
../assets/minecraft/models/item/apple_candy.json,3d/apple_candy/stick_skin,3d/apple_candy/apple_skin,3d/apple_candy/stick_skin
../assets/minecraft/models/item/atm.json,custom/romi_1717/roo,blocks/concrete_silver,blocks/anvil_base,blocks/concrete_white,custom/romi_1717/u,custom/romi_1717/roo
../assets/minecraft/models/item/baked_potato.json,item/baked_potato
../assets/minecraft/models/item/bow.json,item/bow
../assets/minecraft/models/item/bread_basket.json,custom/mogi_03/brown,custom/mogi_03/lightyellow,custom/mogi_03/croissant,custom/mogi_03/browntwo,custom/mogi_03/white,custom/mogi_03/wood,custom/mogi_03/brown
../assets/minecraft/models/item/buschdonoel.json,custom/niiku1014/brown,custom/niiku1014/brown2,custom/niiku1014/kirikabu,custom/niiku1014/red5,custom/niiku1014/xmascakesoushoku,custom/niiku1014/blue8,custom/niiku1014/white,custom/niiku1014/blue6,custom/niiku1014/brown
../assets/minecraft/models/item/cooked_beef.json,item/cooked_beef
../assets/minecraft/models/item/corn.json,custom/niiku1014/yellow,custom/niiku1014/green3,custom/niiku1014/beige2,custom/niiku1014/yellow
../assets/minecraft/models/item/daibutu.json,item/daibutu
../assets/minecraft/models/item/diamond_axe.json,item/diamond_axe
../assets/minecraft/models/item/diamond_hoe.json,item/diamond_hoe
../assets/minecraft/models/item/diamond_pickaxe.json,item/diamond_pickaxe
../assets/minecraft/models/item/diamond_shovel.json,item/diamond_shovel
../assets/minecraft/models/item/diamond_sword.json,item/diamond_sword
../assets/minecraft/models/item/exp_pot.json,item/experience_bottle,block/black_concrete,block/red_concrete,item/experience_bottle
../assets/minecraft/models/item/gold_nugget.json,item/gold_nugget
../assets/minecraft/models/item/iron_axe.json,item/iron_axe
../assets/minecraft/models/item/iron_hoe.json,item/iron_hoe
../assets/minecraft/models/item/iron_nugget.json,item/iron_nugget
../assets/minecraft/models/item/iron_shovel.json,item/iron_shovel
../assets/minecraft/models/item/iron_sword.json,item/iron_sword
../assets/minecraft/models/item/jack_o_lantern.json,block/jack_o_lantern
../assets/minecraft/models/item/little_ghost.json,item/little_ghost
../assets/minecraft/models/item/lonsday_light_axe.json,item/lonsday_light_axe
../assets/minecraft/models/item/lonsday_light_pickaxe.json,item/lonsday_light_pickaxe
../assets/minecraft/models/item/lonsday_light_shovel.json,item/lonsday_light_shovel
../assets/minecraft/models/item/mapporo.json,custom/niiku1014/mapporo,custom/niiku1014/mapporo
../assets/minecraft/models/item/meat_with_bone.json,custom/mametaku/meet_side,custom/mametaku/meet,block/white_concrete_powder,custom/mametaku/meet_side
../assets/minecraft/models/item/mondokoro.json,block/white_wool,block/spruce_planks,custom/tera_riumu26/mondokoro_mark,custom/tera_riumu26/mondokoro_mark2
../assets/minecraft/models/item/outlet.json,custom/niiku1014/black,custom/niiku1014/white,custom/niiku1014/black
../assets/minecraft/models/item/potion.json,item/potion_overlay,item/potion
../assets/minecraft/models/item/ruby.json,item/ruby
../assets/minecraft/models/item/sapphire.json,item/sapphire
../assets/minecraft/models/item/shield.json,block/dark_oak_planks
../assets/minecraft/models/item/shooting_target_player.json,custom/niiku1014/white,custom/niiku1014/black,custom/niiku1014/white
../assets/minecraft/models/item/shovel.json,block/oak_log,block/anvil,block/red_concrete,block/oak_log
../assets/minecraft/models/item/snowball.json,item/snowball
../assets/minecraft/models/item/stone_sword.json,item/stone_sword
../assets/minecraft/models/item/suspicious_stew.json,item/suspicious_stew
../assets/minecraft/models/item/texture_emerald.json,item/texture_emerald
../assets/minecraft/models/item/texture_emerald_piece.json,item/texture_emerald_piece
../assets/minecraft/models/item/topaz.json,item/topaz
../assets/minecraft/models/item/drug/cannabis.json,item/cannabis
../assets/minecraft/models/item/drug/cannabis_32.json,item/cannabis_32
../assets/minecraft/models/item/drug/vitalizer.json,item/vitalizer
../assets/minecraft/models/item/drug/wrench.json,item/wrench
../assets/minecraft/models/item/muffine/black_mphonex.json,custom/other/mphone/phonex_1,custom/other/mphone/phonex_2,custom/other/mphone/phonex_3,custom/other/mphone/phonex_1
../assets/minecraft/models/item/muffine/chicken.json,custom/muffine/chicken1,custom/muffine/chicken2,custom/muffine/chicken1
../assets/minecraft/models/item/muffine/chickennotmove.json,custom/muffine/chicken1,custom/muffine/chicken3,custom/muffine/chicken1
../assets/minecraft/models/item/muffine/discord.json,custom/other/discord/dsc1,custom/other/discord/dsc2,custom/other/discord/dsc1
../assets/minecraft/models/item/muffine/error.json,custom/muffine/error,custom/muffine/error
../assets/minecraft/models/item/muffine/excalibur.json,custom/muffine/calibur
../assets/minecraft/models/item/muffine/gatling.json,custom/muffine/gatling1,custom/muffine/gatling2,custom/muffine/gatling3,custom/muffine/gatling4,custom/muffine/gatling6,custom/muffine/gatling5,custom/muffine/gatling1
../assets/minecraft/models/item/muffine/graph.json,custom/muffine/glaph1,custom/muffine/glaph2,custom/muffine/glaph1
../assets/minecraft/models/item/muffine/lightsaber.json,custom/lightsaber/motite1,custom/lightsaber/motite2,custom/lightsaber/beam1,custom/lightsaber/motite1
../assets/minecraft/models/item/other/500.json,custom/other/0500
../assets/minecraft/models/item/other/501.json,custom/other/0501
../assets/minecraft/models/item/other/502.json,custom/other/0502
../assets/minecraft/models/item/other/503.json,custom/other/0503
../assets/minecraft/models/item/other/504.json,custom/other/0505
../assets/minecraft/models/item/other/505.json,custom/other/0505
../assets/minecraft/models/item/other/506.json,custom/other/0506
../assets/minecraft/models/item/other/507.json,custom/other/0507
../assets/minecraft/models/item/other/508.json,custom/other/0508
../assets/minecraft/models/item/other/509.json,custom/other/0509
../assets/minecraft/models/item/other/510.json,custom/other/0510
../assets/minecraft/models/item/other/511.json,custom/other/0511
../assets/minecraft/models/item/other/512.json,custom/other/0512
../assets/minecraft/models/item/other/513.json,custom/other/0513
../assets/minecraft/models/item/other/514.json,custom/other/0514
../assets/minecraft/models/item/other/515.json,custom/other/0515
../assets/minecraft/models/item/other/black-mphone.json,custom/other/mphone/smart_phone1-1,custom/other/mphone/smart_phone1-2,custom/other/mphone/smart_phone1-3
../assets/minecraft/models/item/other/book-ero.json,custom/other/book_ero
../assets/minecraft/models/item/other/color-ball.json,custom/other/color_ball
../assets/minecraft/models/item/other/d1.json,custom/other/d1
../assets/minecraft/models/item/other/d2.json,custom/other/d2
../assets/minecraft/models/item/other/d3.json,custom/other/d3
../assets/minecraft/models/item/other/deathscythe.json,custom/muffine/scythe1,custom/muffine/scythe2,custom/muffine/scythe3,custom/muffine/scythe4,custom/muffine/scythe5,custom/muffine/scythe1
../assets/minecraft/models/item/other/f-tuna.json,custom/other/fish/fish_tuna
../assets/minecraft/models/item/other/halloween-bat.json,custom/other/halloween_bat
../assets/minecraft/models/item/other/left_arrow.json,custom/other/left_arrow
../assets/minecraft/models/item/other/match.json,custom/other/watch/match-1,custom/other/watch/watch-3,item/hoe_item/watch-1
../assets/minecraft/models/item/other/pen.json,custom/other/pen
../assets/minecraft/models/item/other/petbottle.json,custom/other/trash_petbottle
../assets/minecraft/models/item/other/pine.json,custom/other/pine
../assets/minecraft/models/item/other/pinewpen.json,custom/other/pinewpen
../assets/minecraft/models/item/other/poop.json,custom/other/poop
../assets/minecraft/models/item/other/right_arrow.json,custom/other/right_arrow
../assets/minecraft/models/item/other/s-dora.json,custom/other/snack_dora
../assets/minecraft/models/item/other/s-jellybeans.json,custom/other/snack_jellybeans
../assets/minecraft/models/item/other/s-macron.json,custom/other/snack_macron
../assets/minecraft/models/item/other/sakura_sake.json,custom/other/sakura_sake
../assets/minecraft/models/item/other/sensu.json,custom/other/sensu
../assets/minecraft/models/item/other/tsukimi.json,custom/other/tsukimi
../assets/minecraft/models/item/other/white-mphone.json,custom/other/mphone/smart_phone2-1,custom/other/mphone/smart_phone2-2,custom/other/mphone/smart_phone2-3
../assets/minecraft/models/item/other/slot/bar.json,custom/other/slot/slot_bar
../assets/minecraft/models/item/other/slot/bell.json,custom/other/slot/slot_bell
../assets/minecraft/models/item/other/slot/cherry.json,custom/other/slot/slot_cherry
../assets/minecraft/models/item/other/slot/grape.json,custom/other/slot/slot_grape
../assets/minecraft/models/item/other/slot/jack.json,custom/other/slot/slot_jack
../assets/minecraft/models/item/other/slot/orange.json,custom/other/slot/slot_orange
../assets/minecraft/models/item/other/slot/rep.json,custom/other/slot/slot_rep
../assets/minecraft/models/item/other/slot/seven-blue.json,custom/other/slot/slot_seven_blue
../assets/minecraft/models/item/other/slot/seven-red.json,custom/other/slot/slot_seven_red
../assets/minecraft/models/item/other/slot/seven-yellow.json,custom/other/slot/slot_seven_yellow
../assets/minecraft/models/item/other/text/a.json,custom/other/text/alphabet/a
../assets/minecraft/models/item/other/text/b.json,custom/other/text/alphabet/b
../assets/minecraft/models/item/other/text/c.json,custom/other/text/alphabet/c
../assets/minecraft/models/item/other/text/d.json,custom/other/text/alphabet/d
../assets/minecraft/models/item/other/text/e.json,custom/other/text/alphabet/e
../assets/minecraft/models/item/other/text/f.json,custom/other/text/alphabet/f
../assets/minecraft/models/item/other/text/g.json,custom/other/text/alphabet/g
../assets/minecraft/models/item/other/text/h.json,custom/other/text/alphabet/h
../assets/minecraft/models/item/other/text/i.json,custom/other/text/alphabet/i
../assets/minecraft/models/item/other/text/j.json,custom/other/text/alphabet/j
../assets/minecraft/models/item/other/text/k.json,custom/other/text/alphabet/k
../assets/minecraft/models/item/other/text/l.json,custom/other/text/alphabet/l
../assets/minecraft/models/item/other/text/m.json,custom/other/text/alphabet/m
../assets/minecraft/models/item/other/text/n.json,custom/other/text/alphabet/n
../assets/minecraft/models/item/other/text/o.json,custom/other/text/alphabet/o
../assets/minecraft/models/item/other/text/p.json,custom/other/text/alphabet/p
../assets/minecraft/models/item/other/text/q.json,custom/other/text/alphabet/q
../assets/minecraft/models/item/other/text/r.json,custom/other/text/alphabet/r
../assets/minecraft/models/item/other/text/s.json,custom/other/text/alphabet/s
../assets/minecraft/models/item/other/text/t.json,custom/other/text/alphabet/t
../assets/minecraft/models/item/other/text/u.json,custom/other/text/alphabet/u
../assets/minecraft/models/item/other/text/v.json,custom/other/text/alphabet/v
../assets/minecraft/models/item/other/text/w.json,custom/other/text/alphabet/w
../assets/minecraft/models/item/other/text/x.json,custom/other/text/alphabet/x
../assets/minecraft/models/item/other/text/y.json,custom/other/text/alphabet/y
../assets/minecraft/models/item/other/text/z.json,custom/other/text/alphabet/z
../assets/minecraft/models/item/other/text/i/circuit.json,custom/other/text/industry/circuit
../assets/minecraft/models/item/other/text/i/circuit2.json,custom/other/text/industry/circuit2
../assets/minecraft/models/item/other/text/i/cpu.json,custom/other/text/industry/cpu
../assets/minecraft/models/item/other/text/i/glass.json,custom/other/text/industry/glass
../assets/minecraft/models/item/other/text/i/screen.json,custom/other/text/industry/screen
../assets/minecraft/models/item/other/text/i/screen_wire.json,custom/other/text/industry/screen-wire
../assets/minecraft/models/item/other/text/i/wire.json,custom/other/text/industry/wire
../assets/minecraft/models/item/other/text/n/0.json,custom/other/text/number/0
../assets/minecraft/models/item/other/text/n/1.json,custom/other/text/number/1
../assets/minecraft/models/item/other/text/n/2.json,custom/other/text/number/2
../assets/minecraft/models/item/other/text/n/3.json,custom/other/text/number/3
../assets/minecraft/models/item/other/text/n/4.json,custom/other/text/number/4
../assets/minecraft/models/item/other/text/n/5.json,custom/other/text/number/5
../assets/minecraft/models/item/other/text/n/6.json,custom/other/text/number/6
../assets/minecraft/models/item/other/text/n/7.json,custom/other/text/number/7
../assets/minecraft/models/item/other/text/n/8.json,custom/other/text/number/8
../assets/minecraft/models/item/other/text/n/9.json,custom/other/text/number/9
../assets/minecraft/models/item/other/text/s/add.json,custom/other/text/symbol/add
../assets/minecraft/models/item/other/text/s/asterisk.json,custom/other/text/symbol/asterisk
../assets/minecraft/models/item/other/text/s/comma.json,custom/other/text/symbol/comma
../assets/minecraft/models/item/other/text/s/divide.json,custom/other/text/symbol/divide
../assets/minecraft/models/item/other/text/s/dollar.json,custom/other/text/symbol/dollar
../assets/minecraft/models/item/other/text/s/equal.json,custom/other/text/symbol/equal
../assets/minecraft/models/item/other/text/s/koron.json,custom/other/text/symbol/koron
../assets/minecraft/models/item/other/text/s/multiply.json,custom/other/text/symbol/multiply
../assets/minecraft/models/item/other/text/s/period.json,custom/other/text/symbol/period
../assets/minecraft/models/item/other/text/s/semikoron.json,custom/other/text/symbol/semikoron
../assets/minecraft/models/item/other/text/s/subtract.json,custom/other/text/symbol/subtract
../assets/minecraft/models/item/other/text/s/under.json,custom/other/text/symbol/under
../assets/minecraft/models/item/slot/god/0.json,custom/slot/god/0
../assets/minecraft/models/item/slot/god/1.json,custom/slot/god/1
../assets/minecraft/models/item/slot/god/2.json,custom/slot/god/2
../assets/minecraft/models/item/slot/god/3.json,custom/slot/god/3
../assets/minecraft/models/item/slot/god/4.json,custom/slot/god/4
../assets/minecraft/models/item/slot/god/5.json,custom/slot/god/5
../assets/minecraft/models/item/slot/god/6.json,custom/slot/god/6
../assets/minecraft/models/item/slot/god/7.json,custom/slot/god/7
../assets/minecraft/models/item/slot/god/8.json,custom/slot/god/8
../assets/minecraft/models/item/slot/god/god.json,2d/slot_tex/god_tex/slot_god_god
../assets/minecraft/models/item/slot/god/s.json,custom/slot/god/s
../assets/minecraft/models/item/slot/god/v.json,custom/slot/god/v
